year,Afghanistan,Albania,Algeria,Andorra,Angola,Antigua & Barbuda,Argentina,Armenia,Australia,Austria,Azerbaijan,Bahamas,Bahrain,Bangladesh,Barbados,Belarus,Belgium,Belize,Benin,Bhutan,Bolivia,Bosnia-Herzegovina,Botswana,Brazil,Brunei,Bulgaria,Burkina Faso,Burundi,Cote d'Ivoire,Cabo Verde,Cambodia,Cameroon,Canada,Central African Republic,Chad,Chile,China,Colombia,Comoros,Congo,Cook Islands,Costa Rica,Croatia,Cuba,Cyprus,Czech Republic,North Korea,DR Congo,Denmark,Djibouti,Dominica,Dominican Republic,Ecuador,Egypt,El Salvador,Equatorial Guinea,Eritrea,Estonia,Ethiopia,Fiji,Finland,France,Gabon,Gambia,Georgia,Germany,Ghana,Greece,Grenada,Guatemala,Guinea,Guinea-Bissau,Guyana,Haiti,Honduras,Hungary,Iceland,India,Indonesia,Iran,Iraq,Ireland,Israel,Italy,Jamaica,Japan,Jordan,Kazakhstan,Kenya,Kiribati,Kuwait,Kyrgyzstan,Laos,Latvia,Lebanon,Lesotho,Liberia,Libya,Lithuania,Luxembourg,Madagascar,Malawi,Malaysia,Maldives,Mali,Malta,Marshall Islands,Mauritania,Mauritius,Mexico,Micronesia,Monaco,Mongolia,Montenegro,Morocco,Mozambique,Myanmar,Namibia,Nauru,Nepal,Netherlands,New Zealand,Nicaragua,Niger,Nigeria,Niue,Norway,Oman,Pakistan,Palau,Panama,Papua New Guinea,Paraguay,Peru,Philippines,Poland,Portugal,Qatar,South Korea,Moldova,Romania,Russian Federation,Rwanda,St. Kitts & Nevis,St. Lucia,St. Vincent & the Grenadines,Samoa,San Marino,Sao Tome & Principe,Saudi Arabia,Senegal,Serbia,Seychelles,Sierra Leone,Singapore,Slovakia,Slovenia,Solomon Islands,Somalia,South Africa,Spain,Sri Lanka,Sudan,Suriname,Swaziland,Sweden,Switzerland,Syria,Tajikistan,Thailand,Macedonia,Timor-Leste,Togo,Tonga,Trinidad & Tobago,Tunisia,Turkey,Turkmenistan,Tuvalu,Uganda,Ukraine,United Arab Emirates,United Kingdom,Tanzania,USA,Uruguay,Uzbekistan,Vanuatu,Venezuela,Vietnam,Yemen,Zambia,Zimbabwe
1999,0,89,25,245,217,102,193,21,261,279,21,122,42,0,143,142,295,263,34,23,167,76,173,245,31,231,25,88,37,144,57,147,240,17,15,130,79,159,1,76,0,149,230,93,192,361,0,32,224,15,52,193,162,6,52,92,18,224,20,77,263,127,347,8,52,346,31,133,199,53,9,28,93,1,69,234,233,9,5,0,9,313,63,85,82,77,6,124,58,21,0,31,62,281,20,82,19,0,343,236,26,8,13,0,5,149,0,0,98,238,62,0,77,31,12,47,5,376,49,5,251,203,78,3,42,188,169,22,0,306,285,44,213,163,71,343,194,1,140,109,297,247,43,194,171,120,105,0,56,0,9,283,157,25,60,196,270,56,0,225,284,16,8,128,90,152,185,5,2,99,106,1,36,36,197,51,51,19,6,45,206,16,219,36,249,115,25,21,333,111,6,32,64
2000,0,132,0,138,57,128,25,179,72,75,46,176,63,0,173,373,84,114,4,0,41,173,35,145,2,252,7,0,1,56,65,1,122,2,1,124,192,76,3,1,254,87,87,137,154,170,0,3,81,44,286,147,74,4,69,0,0,194,3,35,133,151,98,0,100,117,3,112,438,69,0,31,302,326,98,215,61,114,1,0,3,118,69,42,88,202,21,246,22,34,0,88,0,216,55,50,152,0,244,133,15,11,4,0,1,100,0,0,31,68,50,0,189,114,6,18,1,3,0,6,88,79,118,2,5,200,71,16,0,63,104,39,117,160,186,215,67,42,16,226,122,326,2,205,315,221,18,0,38,5,1,131,25,3,12,293,51,11,0,76,157,104,13,178,2,60,100,35,15,258,27,1,2,21,156,3,22,71,41,9,237,135,126,6,158,35,101,18,100,2,0,19,18
2001,0,54,14,312,45,45,221,11,212,191,5,51,7,0,36,42,212,8,13,0,8,8,35,16,1,94,7,0,7,16,1,4,100,1,1,172,8,3,1,9,74,11,254,5,113,134,0,1,278,3,26,9,3,1,2,233,0,59,0,1,97,370,59,1,149,175,10,218,28,2,2,21,1,1,2,185,78,0,0,0,0,165,9,237,9,16,1,12,2,1,0,6,123,62,31,0,2,0,56,271,4,1,0,0,1,120,0,0,18,5,18,0,8,128,10,5,0,1,8,0,190,175,1,1,2,7,129,1,0,23,18,1,74,21,1,56,339,7,9,18,167,73,0,32,71,11,24,0,140,0,7,127,51,2,11,116,276,1,0,81,112,0,0,7,2,186,280,16,0,1,86,4,19,5,7,20,7,32,9,0,45,5,195,1,84,220,8,11,3,1,0,4,4
2002,0,4.9,0.7,12.4,5.9,4.9,8.3,3.8,10.4,9.7,1.3,6.3,2,0,6.3,14.4,10.5,6.8,1.1,0.4,3.8,4.6,5.4,7.2,0.6,10.3,4.3,6.3,4,4,2.2,5.8,8.2,1.8,0.4,7.6,5,4.2,0.1,1.7,5.9,4.4,10.2,4.2,8.2,11.8,0,2.3,10.4,1.1,6.6,6.2,4.2,0.2,2.2,5.8,0.5,9.5,0.7,2,10,11.8,8.9,2.4,5.4,11.3,1.8,8.3,11.9,2.2,0.2,2.5,7.1,5.9,3,11.3,6.6,2.2,0.1,0,0.2,11.4,2.5,6.5,3.4,7,0.5,6.8,1.8,1,0,2.4,6.2,10.5,1.9,2.8,3.1,0,12.9,11.4,0.8,1.5,0.3,0,0.6,6.6,0,0,2.6,5.5,2.3,0,4.9,4.9,0.5,1.3,0.1,6.8,1,0.2,9.4,9.3,3.5,0.1,9.1,7,6.7,0.7,0,6.9,7.2,1.5,7.3,6.1,4.6,10.9,11,0.9,9.8,6.3,10.4,11.5,6.8,7.7,10.1,6.3,2.6,0,4.2,0.1,0.3,9.6,4.1,6.7,1.5,11.4,10.6,1.2,0,8.2,10,2.2,1.7,5.6,4.7,7.2,10.2,1,0.3,6.4,3.9,0.1,1.3,1.1,6.4,1.3,1.4,2.2,1,8.3,8.9,2.8,10.4,5.7,8.7,6.6,2.4,0.9,7.7,2,0.1,2.5,4.7
