cust_id,gender
7007,0.37
9793,0.5
6593,0.45
10527,0.38
6914,0.43
7503,0.57
3861,0.39
7173,0.56
10721,0.45
2448,0.98
9469,0.47
9041,0.38
7452,0.6
9627,0.55
5480,0.43
3631,0.27
8045,0.61
1305,1.0
10002,0.35
10943,0.54
10655,0.36
1931,1.0
9266,0.57
6175,0.55
7880,0.48
6084,0.51
193,0.87
3095,1.0
7505,0.53
4156,0.54
8168,0.44
1275,1.0
7741,0.28
7706,0.49
9995,0.31
10277,0.48
9892,0.7
10525,0.57
1049,1.0
3099,0.99
6261,0.64
9641,0.53
7395,0.41
6488,0.38
7123,0.54
4299,0.45
5767,0.44
1006,1.0
2553,0.83
855,1.0
8977,0.41
5633,0.46
9331,0.5
4934,0.28
1409,1.0
8596,0.5
5971,0.38
7485,0.35
6881,0.64
5459,0.56
9387,0.65
2015,1.0
10053,0.34
438,1.0
518,1.0
2683,1.0
7701,0.37
5395,0.71
2960,1.0
9322,0.39
9911,0.39
3547,0.29
7959,0.53
3315,0.62
10221,0.42
1482,1.0
2754,0.7
1807,1.0
1554,0.96
10427,0.47
9893,0.22
4401,0.42
6153,0.68
5638,0.42
5818,0.34
9736,0.57
9398,0.46
447,1.0
10678,0.41
6438,0.46
1866,1.0
9270,0.29
10288,0.46
7309,0.52
5313,0.43
5252,0.39
5749,0.53
2217,1.0
5807,0.29
2535,0.92
10344,0.61
2569,0.89
8743,0.43
8144,0.39
1533,1.0
5554,0.5
9364,0.3
6923,0.48
10658,0.57
2543,0.99
1989,1.0
1538,0.85
9299,0.37
6550,0.52
1959,1.0
7117,0.37
3722,0.51
10256,0.39
4225,0.44
3016,0.9
1366,0.96
4603,0.52
6382,0.56
4173,0.3
1077,0.95
992,0.98
6899,0.48
95,1.0
289,1.0
4840,0.42
10577,0.35
5556,0.38
10149,0.36
5308,0.46
7305,0.43
1069,1.0
1032,0.93
6023,0.4
7798,0.38
6479,0.44
2134,1.0
5148,0.51
9725,0.37
3341,0.4
10533,0.68
4969,0.54
9534,0.61
8447,0.51
10646,0.46
7837,0.36
8373,0.4
8708,0.51
5715,0.55
4941,0.33
3760,0.46
8682,0.4
10435,0.47
3110,1.0
5882,0.45
2145,1.0
8890,0.47
9122,0.36
9550,0.3
5562,0.53
2542,0.74
8693,0.51
8149,0.38
4794,0.35
3075,1.0
1895,1.0
7182,0.61
2350,1.0
2838,1.0
9926,0.25
6519,0.6
9097,0.43
9247,0.35
3203,0.4
7149,0.6
5875,0.31
6962,0.68
7520,0.76
8487,0.38
7864,0.32
2400,0.78
9143,0.56
10672,0.5
2320,1.0
9676,0.47
9623,0.51
7094,0.5
2966,1.0
6160,0.56
5244,0.43
1076,1.0
5035,0.59
4115,0.36
8082,0.2
6709,0.48
8030,0.33
10340,0.64
8617,0.56
7328,0.43
10810,0.39
3169,0.62
465,1.0
9697,0.57
4631,0.49
7981,0.44
5147,0.51
10771,0.66
4245,0.48
1443,1.0
431,1.0
1100,1.0
8660,0.42
5972,0.48
5621,0.46
9433,0.37
1976,1.0
9665,0.67
6823,0.54
9291,0.46
9396,0.33
368,0.88
4733,0.47
3471,0.58
7079,0.34
2781,1.0
557,0.86
427,1.0
10409,0.42
1627,1.0
8188,0.25
8639,0.63
2788,1.0
6283,0.34
3645,0.39
2906,1.0
5848,0.4
920,1.0
6389,0.49
7488,0.42
7124,0.45
2777,1.0
1245,1.0
2970,1.0
1631,1.0
791,1.0
6143,0.31
7108,0.43
1835,1.0
802,0.93
6489,0.58
5214,0.25
10622,0.43
10161,0.6
6691,0.33
4417,0.41
825,1.0
10919,0.53
7969,0.57
6562,0.51
8054,0.32
8778,0.46
1584,1.0
3216,0.28
9138,0.42
10105,0.43
10635,0.48
10220,0.54
7830,0.32
4054,0.52
2204,1.0
7279,0.4
8684,0.43
8742,0.32
7152,0.61
2868,0.99
2533,1.0
7942,0.39
971,0.98
926,1.0
3096,1.0
1937,1.0
2146,1.0
2307,1.0
8826,0.55
3409,0.32
8968,0.42
8387,0.48
4795,0.4
4273,0.63
9423,0.62
3167,0.29
7820,0.5
9487,0.32
7397,0.52
6936,0.52
7803,0.48
732,0.99
6470,0.36
5319,0.43
6088,0.43
7341,0.35
10536,0.58
8237,0.43
341,1.0
10498,0.29
947,1.0
1464,0.99
9771,0.31
931,0.87
5741,0.33
2456,1.0
815,1.0
5719,0.39
5469,0.4
1811,1.0
1664,1.0
6024,0.37
6997,0.4
3215,0.45
7638,0.26
8504,0.51
8839,0.34
1397,0.99
10507,0.29
10032,0.34
9688,0.73
5750,0.41
6093,0.4
3466,0.44
7937,0.33
4957,0.55
7255,0.65
5812,0.51
2734,1.0
7269,0.36
7359,0.45
7825,0.48
1750,1.0
3139,0.47
6866,0.35
10774,0.62
924,1.0
1738,1.0
2600,1.0
8541,0.47
6032,0.45
3118,1.0
4468,0.22
1706,1.0
1961,1.0
6184,0.47
5791,0.48
1246,1.0
10847,0.3
8885,0.41
6874,0.38
4509,0.43
10617,0.39
3640,0.45
794,0.95
4923,0.5
10449,0.48
8001,0.4
5342,0.52
5271,0.57
272,1.0
7558,0.55
8110,0.64
10947,0.5
5793,0.51
8225,0.58
4487,0.4
325,1.0
10251,0.42
3567,0.44
1430,0.7
6402,0.46
7075,0.43
9274,0.38
7721,0.51
9681,0.36
7884,0.46
9606,0.33
8019,0.42
4221,0.3
5694,0.42
8786,0.53
9458,0.54
6715,0.61
2650,1.0
1651,1.0
199,0.89
4459,0.46
4133,0.37
4722,0.33
649,0.92
2085,1.0
1527,1.0
5666,0.29
3688,0.54
5112,0.3
8098,0.55
6363,0.78
10356,0.33
7517,0.36
7041,0.3
10206,0.25
1763,1.0
7024,0.43
4805,0.73
10763,0.17
7208,0.52
7495,0.4
8231,0.44
261,1.0
8094,0.52
696,1.0
783,1.0
903,1.0
6729,0.52
8711,0.44
1960,1.0
6989,0.45
6215,0.58
4860,0.45
2964,1.0
6951,0.41
9765,0.38
9827,0.31
8209,0.54
8240,0.37
5476,0.35
9480,0.29
2795,1.0
9343,0.41
6547,0.51
1957,1.0
4657,0.37
7989,0.4
6541,0.76
2943,1.0
5660,0.25
5033,0.44
486,0.72
3728,0.5
3406,0.41
4622,0.48
7574,0.1
79,1.0
5743,0.48
1249,1.0
3114,1.0
10629,0.54
3231,0.25
10235,0.49
9016,0.39
3174,0.42
6482,0.52
178,1.0
3756,0.25
2956,1.0
3190,0.46
2753,1.0
6690,0.42
2393,0.92
8887,0.4
10454,0.45
5524,0.48
3319,0.43
2914,1.0
9186,0.56
9563,0.41
5350,0.32
5954,0.48
2878,1.0
3487,0.3
8999,0.5
4814,0.47
3378,0.42
9673,0.33
9038,0.48
8389,0.45
5042,0.45
316,1.0
7090,0.27
6583,0.29
1217,1.0
5609,0.42
6856,0.4
2885,1.0
7022,0.28
3153,0.44
1801,1.0
6869,0.53
6384,0.59
7386,0.53
9768,0.56
6820,0.33
58,1.0
3027,1.0
3421,0.59
3196,0.61
1338,0.84
8073,0.53
10364,0.29
4979,0.51
1732,1.0
5665,0.39
1982,1.0
10428,0.51
7162,0.29
10240,0.55
6314,0.53
9899,0.46
3274,0.4
5968,0.43
9525,0.53
3971,0.42
3275,0.46
5636,0.46
10876,0.44
1724,1.0
7231,0.3
114,1.0
2638,1.0
4162,0.51
1472,0.9
9772,0.37
2214,1.0
1787,0.98
2627,1.0
7569,0.56
101,1.0
6728,0.24
10232,0.4
6806,0.23
6933,0.47
9133,0.42
632,1.0
2282,1.0
7920,0.56
1368,1.0
10263,0.42
96,1.0
10673,0.45
2373,1.0
4885,0.61
6480,0.45
2528,0.89
930,0.98
9490,0.52
2460,1.0
8511,0.48
7451,0.58
4654,0.44
10826,0.48
1733,1.0
6098,0.43
9197,0.39
743,1.0
4661,0.65
5783,0.41
8062,0.41
10517,0.49
2988,0.47
6416,0.39
1689,1.0
3442,0.36
6935,0.37
7839,0.46
5225,0.62
1252,0.96
5501,0.64
9520,0.34
8469,0.31
5825,0.47
2375,1.0
1861,0.82
5635,0.33
5641,0.45
1156,0.92
3870,0.43
8677,0.42
1745,1.0
4914,0.51
6415,0.21
3351,0.36
2691,1.0
208,1.0
3941,0.6
7301,0.51
6011,0.54
9037,0.37
456,1.0
5785,0.43
10576,0.3
2699,0.9
9615,0.37
2813,0.99
3384,0.48
10780,0.55
593,0.92
2942,0.99
2465,0.72
356,1.0
8444,0.48
6485,0.56
9621,0.45
7652,0.3
9663,0.35
6568,0.41
1320,1.0
10457,0.78
8273,0.52
8873,0.33
7045,0.5
9202,0.44
10089,0.59
9717,0.21
6653,0.45
10174,0.41
10862,0.34
9809,0.4
10306,0.53
63,1.0
10218,0.63
4593,0.77
5115,0.35
1414,1.0
2028,1.0
10779,0.56
2002,0.99
4709,0.37
6445,0.56
10555,0.54
4559,0.44
8474,0.47
2113,0.98
4027,0.38
8761,0.3
3055,1.0
9708,0.39
10494,0.39
1675,1.0
5929,0.48
3328,0.39
7203,0.55
7385,0.47
2852,0.85
942,1.0
10250,0.47
6733,0.43
9565,0.36
10501,0.36
3710,0.48
912,1.0
5019,0.4
919,1.0
5208,0.4
1342,0.9
7257,0.47
5231,0.49
8425,0.46
5535,0.51
5258,0.39
3228,0.56
2630,0.93
10925,0.63
3831,0.34
9748,0.41
3505,0.22
8975,0.34
9861,0.41
350,0.99
10618,0.39
7511,0.47
517,1.0
2212,0.99
1264,0.95
10740,0.64
9113,0.51
808,0.99
4423,0.37
3107,1.0
60,1.0
8762,0.55
2308,1.0
1736,1.0
1488,0.7
7675,0.44
347,1.0
7223,0.34
3352,0.39
2226,1.0
4478,0.33
6301,0.36
10272,0.52
7888,0.33
2990,0.97
5602,0.4
6707,0.36
5726,0.32
5596,0.5
7687,0.42
10452,0.61
10406,0.55
2616,0.81
4915,0.39
5557,0.53
3046,0.98
6907,0.54
4323,0.33
6423,0.52
10545,0.42
6110,0.39
2297,1.0
10676,0.48
4481,0.22
4649,0.6
6894,0.46
5637,0.49
10380,0.36
3396,0.54
5964,0.56
6649,0.66
8014,0.21
298,1.0
6375,0.28
2911,1.0
3508,0.33
8557,0.43
5876,0.48
3344,0.3
2537,1.0
4138,0.52
7672,0.24
9192,0.49
2809,1.0
6602,0.61
4431,0.43
4777,0.58
10071,0.32
5815,0.44
2652,1.0
1054,0.98
7739,0.5
4779,0.36
10751,0.44
1518,1.0
10289,0.48
1490,0.87
10319,0.58
2324,0.91
6056,0.53
805,1.0
6100,0.46
1231,0.65
9757,0.43
9536,0.36
247,0.97
4008,0.33
9996,0.48
2682,1.0
2576,0.99
8505,0.41
8570,0.27
2749,0.88
10699,0.39
2278,1.0
7544,0.34
9238,0.38
2321,1.0
8840,0.4
10148,0.43
2821,1.0
8508,0.28
7278,0.57
8198,0.21
1465,1.0
9413,0.56
7740,0.55
124,1.0
3124,1.0
3460,0.39
2259,1.0
5063,0.57
288,1.0
8714,0.66
3278,0.29
7819,0.39
7482,0.34
2241,0.99
9288,0.47
70,1.0
6587,0.45
2389,1.0
2808,1.0
1892,1.0
2643,1.0
9189,0.27
3752,0.23
3794,0.43
3817,0.47
8312,0.37
4462,0.5
7447,0.28
1398,0.97
4406,0.34
2831,1.0
9151,0.41
4383,0.46
4643,0.35
5235,0.59
1785,0.75
10046,0.3
10898,0.35
10291,0.52
7809,0.32
10471,0.7
4895,0.51
4876,0.63
1845,1.0
4856,0.43
5036,0.8
4121,0.41
8220,0.75
3956,0.37
5531,0.39
6106,0.5
633,1.0
3117,1.0
3388,0.43
4235,0.21
4968,0.31
9639,0.47
952,1.0
8842,0.39
3900,0.47
5890,0.47
4910,0.37
3810,0.53
2751,0.99
3597,0.49
4516,0.37
3947,0.4
2635,1.0
1878,1.0
5998,0.59
7846,0.49
9714,0.66
8956,0.28
8207,0.33
3430,0.5
3801,0.57
8180,0.51
5595,0.42
1263,1.0
7529,0.31
5352,0.39
10029,0.58
3587,0.48
8359,0.6
833,0.88
7014,0.41
9228,0.41
1680,1.0
1761,1.0
979,1.0
1174,0.74
4831,0.41
5847,0.6
241,0.95
7768,0.41
7010,0.58
9475,0.53
328,1.0
2845,1.0
8299,0.28
8257,0.36
9040,0.44
6127,0.51
2905,1.0
9045,0.4
4039,0.38
911,1.0
7060,0.53
3962,0.35
918,0.91
9637,0.37
7267,0.42
7100,0.5
8233,0.46
2566,1.0
9002,0.44
881,0.99
6306,0.46
10393,0.68
10160,0.35
2773,1.0
4272,0.52
7271,0.32
2157,0.87
9988,0.48
2252,0.99
8421,0.4
8152,0.45
4116,0.46
9975,0.46
1182,0.98
5978,0.46
267,0.62
4440,0.21
115,1.0
5963,0.7
8801,0.33
246,0.89
205,1.0
84,1.0
10440,0.45
7460,0.29
7,0.89
4378,0.57
6465,0.47
3503,0.2
1936,1.0
4125,0.64
5080,0.33
2721,0.82
5955,0.5
6555,0.46
9634,0.75
1629,1.0
5605,0.49
3429,0.47
10998,0.52
7582,0.5
5453,0.29
9692,0.72
9479,0.48
9761,0.53
434,1.0
2584,1.0
1051,1.0
10134,0.18
2311,1.0
9704,0.58
1493,0.6
10708,0.52
9,1.0
1318,0.8
7127,0.47
1923,0.99
3310,0.34
9447,0.27
7168,0.19
4425,0.46
5889,0.5
5165,0.38
8785,0.65
7773,0.28
6059,0.25
3712,0.38
5782,0.33
1294,1.0
8,1.0
1193,1.0
5223,0.46
3054,1.0
1700,0.99
6013,0.45
1599,1.0
511,1.0
8646,0.43
7054,0.68
6890,0.29
10829,0.4
888,1.0
9825,0.44
6647,0.55
892,1.0
6821,0.59
10927,0.56
10353,0.48
1677,0.86
4365,0.52
8368,0.41
8845,0.62
6725,0.45
10671,0.47
4102,0.4
4000,0.48
5668,0.41
9495,0.39
7605,0.48
8347,0.49
2326,1.0
1442,1.0
950,1.0
8399,0.57
2461,0.95
494,1.0
3498,0.22
9201,0.56
2709,0.87
3544,0.68
1991,0.99
8640,0.5
2427,1.0
1804,1.0
3828,0.86
6015,0.63
5690,0.41
4476,0.43
3945,0.34
2041,1.0
10349,0.54
10509,0.62
1981,1.0
9853,0.43
8477,0.48
9214,0.51
7225,0.36
9953,0.61
6133,0.38
2430,1.0
7792,0.32
7900,0.55
4464,0.53
6433,0.55
9669,0.55
2696,1.0
3663,0.34
10574,0.24
8261,0.26
8009,0.45
3818,0.28
2757,1.0
3555,0.45
900,1.0
781,1.0
3905,0.34
2058,1.0
5863,0.61
1332,1.0
4343,0.38
2201,0.99
10248,0.65
1392,0.98
2469,0.89
10788,0.95
3944,0.44
9357,0.44
3753,0.38
4602,0.32
2257,1.0
1650,1.0
9773,0.31
7145,0.41
3904,0.37
3684,0.45
4809,0.64
7409,0.35
8563,0.21
10851,0.47
9841,0.37
8852,0.38
10443,0.45
7457,0.59
6779,0.67
1891,1.0
1009,1.0
9863,0.35
6350,0.47
6214,0.76
5156,0.5
6385,0.31
4169,0.19
7611,0.44
6253,0.54
943,0.99
1296,1.0
3919,0.28
9738,0.51
5151,0.38
1793,0.99
4684,0.63
10725,0.53
9229,0.44
3911,0.39
10765,0.4
10247,0.56
991,1.0
4848,0.4
10194,0.6
9237,0.54
7335,0.46
10669,0.32
2064,1.0
10008,0.51
9947,0.49
9296,0.56
6717,0.49
5729,0.28
8500,0.49
5374,0.59
5547,0.53
437,1.0
7940,0.41
9537,0.45
6945,0.38
1393,1.0
9175,0.5
10366,0.62
6053,0.47
2235,0.94
10985,0.26
8201,0.39
8339,0.56
9595,0.47
2939,0.99
2288,0.85
4019,0.46
4421,0.37
9874,0.5
6931,0.56
5872,0.26
210,1.0
10656,0.59
7471,0.71
4491,0.35
10604,0.38
7973,0.66
9253,0.53
9460,0.54
345,0.68
9529,0.56
6803,0.42
3885,0.49
4828,0.49
10883,0.56
2726,1.0
3602,0.42
5619,0.47
334,0.9
5586,0.33
3943,0.32
4134,0.34
3815,0.46
1291,0.93
9539,0.41
10583,0.59
4241,0.52
1149,0.99
3901,0.37
4362,0.3
7216,0.45
2262,1.0
2645,1.0
10187,0.35
6677,0.39
6924,0.54
7401,0.83
5746,0.28
3669,0.33
10665,0.42
10772,0.51
3418,0.44
1315,1.0
5149,0.5
4265,0.44
133,1.0
10588,0.58
565,1.0
7922,0.43
1303,1.0
7498,0.45
7308,0.45
8712,0.45
504,0.99
2622,1.0
2958,0.83
5478,0.42
1672,1.0
8707,0.51
7185,0.59
9788,0.3
3671,0.43
6230,0.34
2657,1.0
5747,0.64
1512,1.0
3593,0.57
6995,0.43
1435,0.99
6743,0.48
3874,0.5
10441,0.45
9816,0.47
8866,0.61
4515,0.46
9325,0.41
5102,0.31
5347,0.56
8882,0.46
1777,1.0
9570,0.24
7791,0.5
268,1.0
859,0.89
5953,0.27
1188,0.97
1935,1.0
645,0.99
2087,1.0
1487,1.0
6565,0.59
818,1.0
6069,0.37
9706,0.45
8941,0.42
9139,0.3
7390,0.42
8190,0.34
2062,1.0
8296,0.25
9003,0.43
3389,0.37
10371,0.47
10120,0.46
4113,0.41
6187,0.36
3924,0.38
8879,0.38
576,0.78
6254,0.44
3715,0.45
1197,1.0
4764,0.45
451,1.0
5320,0.52
7816,0.6
4252,0.38
2523,1.0
857,1.0
1507,1.0
8924,0.28
10037,0.51
1868,1.0
8578,0.51
9895,0.28
4954,0.31
10230,0.3
2073,0.76
2613,0.99
2185,1.0
503,1.0
10970,0.34
9940,0.32
5520,0.51
2615,1.0
6678,0.67
5541,0.54
3229,0.23
430,1.0
1728,1.0
540,1.0
3914,0.4
1274,1.0
10936,0.42
1355,1.0
10504,0.39
501,1.0
1638,0.8
3922,0.48
8340,0.54
9540,0.58
1237,1.0
9801,0.65
6909,0.35
4557,0.43
8824,0.44
8068,0.54
10766,0.48
10569,0.42
4213,0.33
1889,0.81
3598,0.44
4317,0.48
8710,0.29
10280,0.35
283,1.0
8330,0.29
9796,0.46
8141,0.57
415,1.0
9445,0.33
4046,0.56
3702,0.38
9007,0.34
4149,0.25
7504,0.67
5452,0.56
1877,1.0
8796,0.46
5646,0.51
3061,1.0
3977,0.49
10628,0.29
8607,0.47
7119,0.62
1130,1.0
9298,0.4
6592,0.38
10111,0.52
4353,0.53
4760,0.29
6459,0.45
9939,0.47
4098,0.38
10412,0.46
7304,0.53
9985,0.4
1013,1.0
4445,0.32
1823,0.69
2027,1.0
699,1.0
3582,0.45
1799,1.0
8739,0.6
8435,0.37
7810,0.44
1973,1.0
364,1.0
9212,0.25
3113,1.0
5403,0.37
740,1.0
8868,0.62
9826,0.35
6142,0.55
4705,0.4
6748,0.35
9319,0.4
1525,1.0
3161,0.27
7331,0.58
9047,0.46
3516,0.48
1840,0.98
2439,1.0
4218,0.41
1563,1.0
5991,0.72
3234,0.43
4103,0.41
7659,0.23
7967,0.52
2468,1.0
5,1.0
8063,0.38
1528,1.0
10450,0.32
958,1.0
9553,0.42
940,1.0
9203,0.51
3469,0.35
2999,0.72
2590,1.0
1319,1.0
8475,0.37
3596,0.31
4385,0.38
9713,0.54
7822,0.45
3847,0.57
8544,0.42
5146,0.45
10596,0.42
7047,0.45
10202,0.41
42,1.0
955,1.0
3192,0.35
7557,0.45
3577,0.58
7032,0.56
4818,0.68
8859,0.54
2189,0.95
10801,0.31
10746,0.36
4472,0.54
8758,0.37
5916,0.51
3064,1.0
5789,0.5
2048,0.99
9533,0.38
7276,0.5
10317,0.54
9672,0.42
2143,1.0
25,1.0
8899,0.47
3821,0.27
6406,0.56
9873,0.32
10226,0.66
5089,0.52
9014,0.69
1161,0.99
3127,1.0
3220,0.49
72,0.82
1292,1.0
242,1.0
6836,0.47
978,1.0
8357,0.42
5893,0.33
7645,0.16
5052,0.6
4280,0.65
2545,1.0
3330,0.46
954,0.99
2802,0.91
3333,0.39
8984,0.58
8117,0.51
5647,0.13
3365,0.32
8687,0.32
7960,0.52
7405,0.4
9607,0.5
784,1.0
5906,0.44
2636,1.0
10750,0.76
4029,0.51
2361,0.99
2651,1.0
10051,0.23
6403,0.57
7972,0.46
9597,0.4
1391,1.0
8118,0.32
8070,0.51
5819,0.57
5427,0.48
1707,1.0
4090,0.52
3615,0.5
8746,0.41
5027,0.53
5739,0.32
444,1.0
3717,0.43
10885,0.49
3130,1.0
1624,1.0
9060,0.3
620,1.0
8895,0.44
10338,0.61
3069,1.0
2967,1.0
10531,0.56
8049,0.45
5842,0.46
5823,0.41
10151,0.58
5239,0.25
7890,0.57
3813,0.49
8929,0.56
5510,0.54
3692,0.4
10061,0.42
6999,0.36
5950,0.28
5952,0.51
2156,1.0
5990,0.36
3764,0.5
9414,0.64
6344,0.3
9058,0.58
7227,0.38
4521,0.44
4105,0.27
5331,0.36
9848,0.46
1983,1.0
2347,1.0
9845,0.46
673,0.9
3879,0.43
9798,0.33
5462,0.4
10647,0.43
6726,0.41
7188,0.35
7564,0.39
2368,1.0
1446,1.0
10528,0.46
3463,0.62
10209,0.57
1810,1.0
8564,0.45
2255,1.0
3479,0.22
6877,0.41
2620,1.0
9391,0.4
5418,0.39
9883,0.48
6050,0.36
7281,0.38
8131,0.42
6052,0.74
2172,0.86
4645,0.46
5708,0.4
6785,0.31
766,1.0
8945,0.43
3560,0.33
9596,0.36
1001,1.0
10312,0.22
6107,0.37
7714,0.52
103,1.0
6457,0.55
530,0.98
6998,0.58
7978,0.36
2335,1.0
6315,0.64
3758,0.55
9347,0.38
10511,0.54
8424,0.34
9868,0.69
10281,0.51
9024,0.42
6581,0.57
4924,0.36
7788,0.46
2858,0.87
8427,0.31
1693,0.74
3367,0.34
6130,0.66
10182,0.27
6531,0.38
2494,1.0
2426,1.0
7236,0.42
8363,0.42
10759,0.64
6491,0.54
7587,0.43
2386,1.0
505,0.99
9795,0.32
10234,0.43
10896,0.54
1370,0.76
8381,0.54
1642,1.0
7031,0.3
5883,0.38
3637,0.57
4449,0.28
7666,0.43
4731,0.33
10670,0.36
9612,0.51
8654,0.56
1483,1.0
8223,0.5
13,0.91
10110,0.66
5141,0.49
8719,0.24
6636,0.38
10561,0.39
5886,0.55
3120,1.0
759,0.98
5516,0.44
1349,1.0
4243,0.39
2080,1.0
8835,0.6
6655,0.52
291,0.99
4231,0.31
1261,1.0
5996,0.37
2100,1.0
10852,0.37
5134,0.46
7169,0.48
3017,1.0
1421,1.0
9085,0.42
206,0.92
3420,0.35
7141,0.32
8069,0.39
690,1.0
3616,0.48
821,1.0
2246,1.0
35,1.0
9731,0.32
1726,0.9
418,1.0
10049,0.36
6070,0.39
7080,0.59
8518,0.3
2884,0.93
3441,0.42
5790,0.27
7199,0.45
985,1.0
6609,0.42
10104,0.28
2882,0.79
2068,0.97
7136,0.44
10199,0.45
10975,0.6
6447,0.58
3991,0.44
6404,0.46
315,0.99
1817,1.0
2250,1.0
2415,1.0
5122,0.56
3032,0.99
2654,1.0
2611,1.0
8810,0.2
707,1.0
8538,0.29
5248,0.29
585,1.0
1753,1.0
1178,1.0
3355,0.26
5970,0.28
9144,0.79
4620,0.39
4570,0.4
2697,0.99
4206,0.58
4778,0.48
7112,0.57
5396,0.41
7443,0.37
546,1.0
6783,0.3
5544,0.55
5689,0.25
5558,0.3
4652,0.25
1552,1.0
7049,0.42
8177,0.51
3003,0.81
2213,0.99
10855,0.49
10844,0.51
1074,1.0
961,1.0
4529,0.41
4720,0.51
1511,0.99
9081,0.29
10938,0.41
6091,0.43
8008,0.45
3242,0.43
3819,0.48
9452,0.48
1648,1.0
8740,0.58
10977,0.57
2549,0.86
2349,1.0
9390,0.42
3506,0.32
9285,0.46
7546,0.4
4847,0.65
3534,0.57
2724,1.0
9554,0.31
719,1.0
1542,0.99
10707,0.62
6564,0.38
2646,0.93
9036,0.49
3037,1.0
5937,0.53
7766,0.18
2688,1.0
3973,0.44
9314,0.34
8774,0.42
8678,0.46
1085,0.95
2092,0.98
4878,0.31
1043,1.0
1926,1.0
6686,0.5
8726,0.3
5316,0.37
9974,0.41
6347,0.37
6186,0.53
5287,0.24
7639,0.44
467,0.52
8214,0.29
1108,1.0
10530,0.18
454,1.0
10333,0.35
8089,0.6
9096,0.35
6386,0.44
3438,0.48
2673,1.0
9496,0.52
778,1.0
5781,0.63
9702,0.39
2519,0.98
6451,0.4
2319,0.99
7769,0.45
4667,0.4
66,1.0
10613,0.58
10651,0.6
9784,0.31
3571,0.65
10754,0.55
4118,0.51
2915,1.0
8298,0.39
1678,1.0
1837,0.99
1357,1.0
7259,0.47
4363,0.45
6880,0.47
9061,0.55
1722,1.0
2774,1.0
653,1.0
3300,0.52
7379,0.41
6076,0.59
3563,0.38
9898,0.48
3302,0.43
8181,0.4
2140,1.0
9264,0.32
1039,0.99
1948,1.0
10442,0.45
5072,0.34
10627,0.43
1720,1.0
1201,1.0
8320,0.55
8877,0.6
3755,0.51
8486,0.69
7604,0.43
7085,0.37
1134,1.0
250,0.99
1126,0.98
9000,0.34
5895,0.32
2369,1.0
10608,0.52
10904,0.43
3279,0.43
3433,0.54
219,1.0
5064,0.32
2954,1.0
7787,0.49
755,0.99
3105,1.0
7437,0.56
6183,0.53
5982,0.42
8896,0.67
4663,0.6
10362,0.46
1504,0.93
4542,0.54
841,0.94
9281,0.71
6703,0.54
5624,0.44
4646,0.71
10830,0.45
8216,0.31
5839,0.36
5505,0.36
2560,0.99
3561,0.28
989,1.0
10846,0.36
9380,0.33
1915,1.0
470,0.94
4485,0.46
5381,0.41
3362,0.41
6639,0.52
1331,1.0
1037,1.0
7502,0.24
2648,1.0
3530,0.22
4309,0.61
6504,0.76
7576,0.34
414,1.0
6986,0.46
10768,0.55
9483,0.37
8706,0.2
5874,0.36
2639,1.0
4965,0.34
639,0.99
1919,1.0
5650,0.45
3875,0.39
8921,0.5
5703,0.44
8055,0.39
6889,0.5
752,0.98
7677,0.35
5133,0.4
80,1.0
6043,0.39
10330,0.28
9072,0.56
6811,0.47
4152,0.43
2070,0.99
417,1.0
9397,0.58
7500,0.42
6486,0.47
5933,0.57
10294,0.58
8838,0.3
10711,0.38
9846,0.47
6527,0.33
2334,1.0
5766,0.54
789,1.0
5661,0.31
1597,1.0
6228,0.4
6644,0.42
6849,0.61
8470,0.37
2036,1.0
9084,0.44
10557,0.56
10293,0.47
874,1.0
7431,0.4
2617,1.0
1523,0.92
7274,0.48
7633,0.47
1120,0.98
9026,0.46
2706,1.0
2451,1.0
2359,1.0
1007,1.0
1795,0.99
4916,0.48
3785,0.45
2991,0.64
7104,0.71
6366,0.44
4539,0.39
2,1.0
9576,0.48
9891,0.48
9617,0.27
6293,0.4
7995,0.65
7493,0.92
8872,0.44
2495,1.0
6727,0.44
5779,0.46
9522,0.37
4774,0.28
8336,0.23
2378,0.99
10793,0.51
3081,1.0
5222,0.44
9803,0.6
4092,0.49
1545,0.99
1661,0.96
722,1.0
10109,0.48
7923,0.6
7184,0.34
610,1.0
6271,0.51
7829,0.47
7508,0.64
7155,0.5
6972,0.31
5885,0.23
7646,0.53
5909,0.37
8509,0.51
9569,0.38
10170,0.5
7785,0.47
836,0.99
3056,1.0
6377,0.27
2090,1.0
8696,0.32
6049,0.73
5507,0.53
4361,0.29
9885,0.51
5333,0.38
536,1.0
4686,0.41
1473,1.0
9696,0.4
228,1.0
9789,0.44
6704,0.31
2790,1.0
2408,1.0
5522,0.4
9105,0.51
1121,1.0
4732,0.38
1980,1.0
4448,0.36
8294,0.59
270,1.0
10408,0.62
5496,0.46
2039,1.0
3583,0.47
749,1.0
4938,0.45
9545,0.42
3399,0.55
9111,0.47
1143,0.97
5247,0.52
9434,0.28
10907,0.5
303,1.0
10258,0.39
9127,0.37
5415,0.3
8332,0.47
2206,0.98
9844,0.46
3431,0.49
3309,0.65
10466,0.27
8396,0.4
1289,1.0
7027,0.49
2856,1.0
8863,0.35
8342,0.51
6454,0.61
7650,0.36
8384,0.4
4611,0.56
8133,0.59
724,1.0
8965,0.42
4174,0.47
1432,0.99
2592,1.0
7984,0.42
10913,0.46
4438,0.3
2330,1.0
2526,1.0
8600,0.35
6235,0.42
4078,0.33
8187,0.38
4390,0.3
9746,0.4
8318,0.55
1628,0.99
5658,0.43
1350,0.73
10840,0.54
8430,0.23
4759,0.59
547,0.98
10590,0.41
2182,1.0
3921,0.73
605,1.0
4977,0.39
10063,0.48
848,1.0
8238,0.46
3780,0.57
302,1.0
3413,0.15
9745,0.54
5346,0.49
10213,0.28
9770,0.51
349,1.0
6851,0.52
466,0.92
10121,0.29
2436,1.0
764,1.0
10460,0.54
2075,0.9
471,1.0
2079,0.46
6722,0.4
6475,0.29
8755,0.44
10112,0.41
1839,1.0
3092,1.0
1254,1.0
5023,0.74
1094,0.99
10645,0.43
2714,1.0
3094,0.99
7658,0.45
6471,0.72
10287,0.33
7862,0.58
9158,0.66
7046,0.36
6212,0.45
6739,0.38
5904,0.56
4357,0.48
5426,0.49
4367,0.4
9544,0.35
1172,1.0
3014,1.0
5078,0.43
1709,1.0
704,1.0
9500,0.45
1460,1.0
1230,0.99
2236,1.0
994,0.89
8196,0.43
8700,0.68
10523,0.58
717,1.0
7399,0.65
6603,0.39
10072,0.52
7198,0.68
4342,0.57
10324,0.54
2191,1.0
5564,0.39
2846,0.93
1405,1.0
7475,0.54
10024,0.32
10882,0.41
9824,0.61
568,1.0
8901,0.57
6256,0.55
10910,0.45
8781,0.48
3524,0.49
5674,0.39
1557,1.0
1770,1.0
3746,0.43
6051,0.5
2843,0.99
1084,1.0
9671,0.59
4026,0.48
6675,0.37
3122,1.0
9083,0.48
9132,0.38
8862,0.35
1,1.0
27,1.0
6154,0.46
5589,0.36
10572,0.28
7000,0.27
10804,0.41
1497,1.0
5012,0.51
4972,0.38
6657,0.46
5006,0.49
7317,0.35
6250,0.48
1621,1.0
8265,0.63
9059,0.49
10570,0.41
4067,0.25
75,1.0
8107,0.35
1225,0.87
3451,0.44
4304,0.36
10045,0.35
5025,0.42
6173,0.77
5126,0.29
2849,1.0
8436,0.28
6218,0.6
1950,1.0
89,1.0
8856,0.6
4918,0.36
1267,1.0
1424,1.0
681,1.0
3259,0.39
158,1.0
7178,0.17
9561,0.44
8074,0.45
9581,0.52
6595,0.44
4536,0.47
2014,0.99
9293,0.38
8023,0.32
1408,1.0
7823,0.58
7761,0.57
3103,1.0
9128,0.35
3562,0.44
6529,0.59
9839,0.4
3262,0.4
3896,0.49
7693,0.34
4858,0.39
9279,0.54
3293,0.26
703,1.0
7197,0.54
1228,1.0
1212,0.88
10584,0.29
5355,0.43
6257,0.33
8934,0.69
10969,0.66
751,1.0
4505,0.34
3270,0.57
3895,0.41
4503,0.6
9317,0.45
4997,0.57
2489,1.0
8662,0.31
10328,0.3
7901,0.31
2927,1.0
550,0.94
3426,0.31
8635,0.37
5992,0.4
9426,0.49
770,0.8
6036,0.74
3654,0.61
10538,0.41
4234,0.5
1858,0.89
1669,0.97
3485,0.4
5552,0.51
1166,0.98
2799,1.0
9811,0.57
8162,0.6
2844,1.0
10516,0.46
2117,1.0
6365,0.41
7731,0.7
5456,0.45
5912,0.32
5763,0.62
8490,0.32
4908,0.3
10752,0.54
3809,0.35
4960,0.67
876,1.0
6262,0.5
5455,0.57
3134,1.0
9959,0.52
5816,0.54
229,1.0
2067,0.92
10470,0.74
7194,0.5
4619,0.19
10396,0.33
589,0.81
3703,0.38
7643,0.32
6334,0.56
6990,0.35
8651,0.54
9260,0.44
9194,0.37
8768,0.34
406,1.0
2871,0.99
1466,1.0
4326,0.72
6413,0.53
7615,0.37
4735,0.32
8958,0.32
8627,0.51
1588,1.0
8262,0.33
204,1.0
10680,0.38
6031,0.35
1764,0.97
10147,0.46
2778,0.78
10242,0.66
10157,0.42
4033,0.42
7211,0.49
7614,0.81
4628,0.21
6115,0.27
10539,0.34
9675,0.58
7215,0.37
8337,0.44
1908,0.85
4184,0.6
5786,0.32
7772,0.5
1277,1.0
2698,1.0
10591,0.41
6138,0.47
10260,0.58
1308,1.0
9321,0.32
5536,0.56
3294,0.46
913,0.91
9427,0.53
4298,0.51
2312,1.0
8311,0.34
8325,0.39
2719,0.99
8016,0.46
1703,1.0
6638,0.31
3093,1.0
3455,0.66
2263,1.0
3650,0.3
1112,0.99
6518,0.66
7035,0.69
9934,0.51
8122,0.43
6045,0.6
5189,0.48
3788,0.32
8377,0.34
6397,0.45
6831,0.37
2700,1.0
9018,0.45
10367,0.45
10019,0.26
4937,0.47
10886,0.54
7063,0.35
3898,0.35
4888,0.45
9145,0.4
6155,0.44
969,1.0
9922,0.59
118,1.0
10168,0.44
2198,1.0
9695,0.36
8412,0.45
7363,0.55
6432,0.45
14,1.0
484,1.0
7589,0.45
3456,0.41
121,1.0
8942,0.44
2188,1.0
6774,0.27
8724,0.55
10648,0.26
2872,1.0
612,1.0
1209,0.99
9983,0.39
1148,0.99
2485,1.0
10236,0.46
5545,0.38
10702,0.52
8395,0.32
3621,0.59
9502,0.21
7160,0.83
1536,1.0
6809,0.5
6928,0.48
6351,0.42
10666,0.35
7351,0.43
1242,1.0
8507,0.29
7364,0.39
10879,0.57
7642,0.32
1610,1.0
2057,1.0
9735,0.41
10757,0.63
7668,0.33
1829,1.0
376,1.0
9164,0.45
7885,0.43
9840,0.74
7979,0.32
5178,0.33
7709,0.4
7651,0.31
9965,0.53
5640,0.42
728,1.0
3762,0.43
9532,0.33
9804,0.4
9448,0.36
662,0.73
5532,0.29
9494,0.37
4239,0.67
7955,0.28
4921,0.71
10370,0.38
2130,1.0
6875,0.55
1694,0.97
4262,0.46
3628,0.53
6625,0.55
10125,0.44
3106,0.83
3304,0.53
6499,0.51
3513,0.4
7817,0.26
2287,1.0
10875,0.38
700,0.97
3197,0.51
3461,0.18
7130,0.59
8382,0.33
7951,0.62
8061,0.47
143,1.0
358,1.0
8920,0.55
1025,1.0
1101,0.99
2812,1.0
7700,0.44
10870,0.46
3488,0.43
419,1.0
6793,0.24
1394,1.0
6333,0.36
775,1.0
5691,0.38
790,1.0
7946,0.45
5828,0.59
5261,0.44
3716,0.6
1346,0.87
9395,0.51
4742,0.36
10282,0.59
2395,1.0
3844,0.34
2097,1.0
7834,0.29
9261,0.58
3023,1.0
6001,0.39
6387,0.72
9307,0.38
1884,1.0
9901,0.44
4609,0.36
4607,0.53
6692,0.4
6241,0.34
5832,0.52
8488,0.43
2387,0.8
10677,0.53
7881,0.55
3698,0.44
9219,0.31
8521,0.61
9737,0.42
7966,0.39
6185,0.45
7425,0.35
8959,0.3
5841,0.47
3435,0.46
7626,0.41
3646,0.35
4626,0.47
6763,0.53
3089,0.9
6964,0.49
7963,0.65
10915,0.42
453,0.99
3725,0.37
5494,0.57
5299,0.62
1984,1.0
6369,0.39
3515,0.34
4909,0.35
5707,0.59
9963,0.53
9451,0.65
10949,0.47
9305,0.39
10283,0.46
8213,0.22
7906,0.47
2815,1.0
5096,0.42
1860,1.0
10041,0.3
7290,0.48
762,1.0
914,1.0
2195,1.0
8601,0.44
6357,0.47
4552,0.31
9507,0.31
8268,0.37
31,1.0
4429,0.57
29,1.0
7384,0.35
2974,1.0
1788,1.0
6842,0.35
5932,0.45
4261,0.55
3862,0.48
3511,0.51
7708,0.35
4640,0.51
602,1.0
9195,0.5
6066,0.6
10630,0.39
5288,0.55
9807,0.57
8467,0.6
5464,0.67
8527,0.52
5974,0.5
7462,0.63
10724,0.48
174,1.0
8254,0.37
1326,1.0
8592,0.51
1213,1.0
7037,0.35
107,1.0
5018,0.47
9277,0.49
811,0.95
5865,0.4
3306,0.17
8106,0.47
7133,0.77
10548,0.43
4437,0.46
10694,0.38
7277,0.57
3458,0.45
7719,0.76
2148,1.0
2492,1.0
4827,0.46
8328,0.43
5092,0.49
3848,0.42
4441,0.39
4966,0.35
2796,0.99
928,1.0
9028,0.5
9937,0.66
2606,1.0
2880,1.0
7916,0.16
3062,1.0
591,0.99
6400,0.47
7580,0.31
2759,0.99
9412,0.51
4201,0.45
9054,0.44
87,1.0
3553,0.52
7280,0.35
8522,0.42
571,0.92
7681,0.4
590,1.0
1781,0.92
1623,1.0
3697,0.52
1192,1.0
10201,0.48
3735,0.4
8076,0.39
5684,0.25
10698,0.43
7325,0.27
3657,0.51
10664,0.51
2284,0.97
6021,0.46
10375,0.4
6501,0.49
6481,0.39
8119,0.48
9577,0.53
1637,1.0
1396,1.0
2619,0.99
2167,1.0
6713,0.42
2046,1.0
4669,0.41
10995,0.5
4517,0.48
6308,0.63
1755,0.71
1583,1.0
9905,0.56
5098,0.41
4244,0.46
7744,0.62
1696,0.99
10611,0.54
263,0.94
82,1.0
6800,0.4
1602,1.0
4036,0.51
7767,0.38
2952,0.93
4502,0.42
3085,1.0
3665,0.47
4126,0.44
5569,0.37
5416,0.52
8649,0.43
4577,0.27
7067,0.4
1701,1.0
9359,0.48
1082,1.0
7286,0.42
5577,0.47
7444,0.35
5221,0.74
1975,1.0
9945,0.24
8388,0.37
7055,0.26
6738,0.43
10992,0.41
10048,0.57
2211,0.99
6335,0.32
9817,0.32
10245,0.6
6787,0.48
7125,0.42
9871,0.39
2716,1.0
9716,0.58
5578,0.48
6918,0.78
6358,0.55
5594,0.59
8266,0.36
8510,0.49
2452,1.0
5053,0.32
10923,0.44
3805,0.44
4575,0.49
2109,1.0
7388,0.44
10857,0.54
2830,1.0
9785,0.64
4053,0.51
679,1.0
3157,0.66
5279,0.42
1170,0.98
2637,0.97
9313,0.49
3239,0.56
6991,0.32
3376,0.62
6378,0.43
7722,0.43
3777,0.42
6708,0.41
5884,0.3
8860,0.54
2383,0.91
7644,0.35
7378,0.37
10284,0.33
10681,0.47
8731,0.52
4233,0.42
10292,0.29
8044,0.65
10853,0.49
8520,0.35
4851,0.38
1768,1.0
6064,0.54
5179,0.46
2869,1.0
9751,0.35
608,1.0
8748,0.33
1522,0.91
5263,0.55
10890,0.58
3476,0.36
2126,1.0
3068,0.73
1440,1.0
4477,0.5
6390,0.36
3500,0.23
3550,0.34
9386,0.34
9076,0.54
3643,0.18
5047,0.55
372,1.0
10934,0.5
8353,0.58
1643,1.0
1794,1.0
3492,0.42
7597,0.43
4576,0.25
10748,0.22
5733,0.42
4971,0.47
9048,0.35
4588,0.45
2591,0.89
3232,0.2
3893,0.31
2612,0.99
3282,0.3
3517,0.56
9282,0.29
6940,0.36
7882,0.62
259,1.0
711,1.0
6790,0.25
8232,0.41
7446,0.4
3182,0.42
6007,0.41
6258,0.4
1844,1.0
8850,0.53
226,1.0
10797,0.65
558,0.99
7389,0.49
338,0.91
10586,0.54
2890,1.0
3963,0.48
5434,0.41
6136,0.41
8041,0.46
7181,0.52
9223,0.54
6988,0.38
2758,1.0
4953,0.54
10422,0.41
10382,0.4
3159,0.54
5699,0.36
2166,1.0
1659,1.0
7161,0.47
1386,1.0
4286,0.34
5852,0.45
513,0.59
7224,0.55
10310,0.3
2123,1.0
4015,0.3
3732,0.31
5891,0.36
8379,0.55
236,1.0
7944,0.37
10612,0.44
1882,1.0
8534,0.44
10758,0.55
7113,0.64
3946,0.59
10858,0.5
2181,1.0
8005,0.49
4140,0.29
4114,0.35
6108,0.52
9977,0.35
7729,0.49
4217,0.34
8691,0.43
3267,0.47
2826,1.0
6492,0.33
10056,0.59
1050,0.99
7577,0.41
3927,0.45
2948,1.0
9526,0.42
2497,1.0
3337,0.45
560,1.0
4951,0.54
6440,0.54
10315,0.27
2384,1.0
7142,0.48
10816,0.41
2224,0.99
4281,0.23
9352,0.44
6060,0.34
489,0.96
1685,1.0
8473,0.31
320,1.0
6233,0.4
1220,0.99
8366,0.49
7350,0.44
8163,0.39
373,1.0
1205,0.98
1139,1.0
7065,0.4
3240,0.39
10568,0.42
1690,1.0
301,1.0
1407,0.68
6858,0.47
8910,0.5
1222,1.0
8609,0.48
2807,1.0
2299,1.0
8686,0.35
6784,0.53
1988,0.99
4830,0.37
499,1.0
2834,1.0
4734,0.44
9191,0.58
2216,1.0
7832,0.7
8066,0.52
508,0.93
1556,1.0
4460,0.6
3881,0.57
9614,0.35
1129,1.0
3857,0.34
57,1.0
2081,1.0
6958,0.43
3028,0.98
4183,0.5
7081,0.34
7737,0.43
2341,1.0
5769,0.42
10169,0.34
6982,0.41
9188,0.4
5180,0.33
5448,0.43
670,1.0
5205,0.31
10734,0.46
1779,1.0
10081,0.45
8283,0.53
2538,1.0
5879,0.3
2329,0.84
3860,0.58
10966,0.53
132,1.0
4194,0.36
1966,1.0
1024,0.98
4215,0.42
1485,1.0
3509,0.37
2171,1.0
10355,0.38
10388,0.43
402,1.0
8184,0.44
5710,0.36
7802,0.4
4992,0.43
1385,1.0
3554,0.58
4023,0.7
3059,1.0
7266,0.53
5309,0.41
10297,0.47
3638,0.4
8108,0.47
8621,0.57
8429,0.35
2059,0.99
2975,1.0
9624,0.33
10249,0.49
493,1.0
5296,0.29
5056,0.46
6767,0.52
9377,0.5
8802,0.42
5183,0.36
4463,0.57
9404,0.59
224,0.93
2727,0.7
9944,0.38
551,1.0
5192,0.44
1874,1.0
6971,0.26
1010,0.92
6747,0.38
1865,1.0
10313,0.37
6373,0.34
2173,1.0
3363,0.36
2421,1.0
10445,0.61
8997,0.59
8773,0.3
8323,0.3
7999,0.44
5349,0.35
8007,0.5
8466,0.27
3371,0.34
862,1.0
667,1.0
5822,0.48
9157,0.36
816,1.0
1683,0.99
1373,1.0
9006,0.72
5290,0.44
71,1.0
7406,0.47
6853,0.47
5270,0.72
9924,0.47
5181,0.31
960,1.0
7339,0.51
6941,0.36
10594,0.35
10345,0.58
20,0.99
6381,0.37
9303,0.37
9640,0.55
10874,0.19
9711,0.45
6534,0.37
432,1.0
2047,0.81
5429,0.27
9806,0.42
362,0.96
5488,0.46
4238,0.37
6360,0.48
10582,0.74
1420,1.0
3236,0.46
2315,1.0
2083,0.99
7635,0.43
5840,0.48
1269,0.98
6425,0.47
2908,1.0
8497,0.45
6409,0.4
7302,0.27
5512,0.33
8270,0.41
6019,0.44
4973,0.42
5928,0.31
5233,0.62
3894,0.42
8050,0.86
6745,0.59
5723,0.31
3659,0.39
4052,0.5
9232,0.49
1259,1.0
2244,0.99
4996,0.5
10860,0.51
2025,0.9
7724,0.34
10188,0.64
6965,0.44
6921,0.51
6126,0.47
3749,0.43
9135,0.4
9972,0.33
872,1.0
10865,0.61
10849,0.33
2599,1.0
8419,0.42
4927,0.47
4119,0.48
9032,0.54
8867,0.53
2149,0.98
4364,0.42
4018,0.5
1969,1.0
6794,0.32
286,1.0
3580,0.56
5942,0.49
3412,0.46
3934,0.48
3959,0.61
4470,0.31
880,0.94
1273,1.0
6217,0.38
7601,0.63
4392,0.44
4249,0.37
6139,0.28
10638,0.56
382,1.0
4982,0.55
4697,0.4
8983,0.36
88,0.69
6119,0.42
1695,1.0
4341,0.45
4166,0.42
6617,0.55
369,0.93
1519,1.0
7907,0.47
4694,0.51
5534,0.31
10467,0.45
10163,0.42
3871,0.49
1495,0.91
4703,0.38
9176,0.44
9920,0.35
2011,1.0
3867,0.42
9763,0.45
3444,0.55
9979,0.43
9472,0.56
7013,0.49
5210,0.56
4057,0.3
6840,0.47
3969,0.46
6068,0.32
6917,0.31
5161,0.32
10984,0.45
4070,0.36
8996,0.3
2137,1.0
765,1.0
5685,0.45
9747,0.41
4041,0.45
10369,0.36
1934,0.89
7382,0.38
8721,0.38
5361,0.56
4266,0.26
2715,1.0
346,0.93
7165,0.35
2323,0.99
9512,0.35
8129,0.52
3496,0.45
5497,0.58
1746,0.99
1078,1.0
1429,0.99
6252,0.45
6146,0.18
429,1.0
4832,0.57
1543,1.0
7170,0.43
8478,0.28
4222,0.33
648,0.71
5988,0.23
2394,1.0
7801,0.36
9106,0.52
8603,0.43
7932,0.51
6525,0.31
10820,0.55
1876,1.0
6976,0.56
10731,0.35
9585,0.63
2115,1.0
539,1.0
7793,0.28
2233,1.0
3303,0.39
3050,1.0
6546,0.52
2318,0.99
3704,0.43
1977,1.0
2187,1.0
4320,0.4
8271,0.47
7246,0.39
7689,0.4
7105,0.41
6984,0.44
2583,1.0
5315,0.42
5062,0.43
5017,0.45
647,1.0
4493,0.44
6588,0.35
5808,0.62
6223,0.63
7428,0.61
6150,0.56
7258,0.32
4065,0.54
7001,0.38
2304,1.0
6309,0.52
3630,0.4
7420,0.49
3146,0.53
9126,0.38
7649,0.39
10495,0.46
112,1.0
2260,1.0
363,1.0
10223,0.36
742,0.97
2402,1.0
863,1.0
871,1.0
4568,0.57
10950,0.88
5795,0.43
8990,0.39
3930,0.52
9336,0.44
3866,0.55
1906,1.0
6618,0.5
3347,0.29
8567,0.4
7750,0.8
8834,0.25
6558,0.54
3939,0.58
2356,1.0
2554,1.0
7438,0.33
4675,0.43
1635,0.62
7618,0.3
1031,1.0
8715,0.54
6197,0.43
3305,0.52
563,1.0
7623,0.52
1890,1.0
3332,0.42
4253,0.24
6325,0.56
4554,0.46
9524,0.45
3807,0.32
5430,0.37
4837,0.44
9371,0.37
4698,0.37
4808,0.56
2824,1.0
6902,0.48
6277,0.39
7610,0.37
2004,1.0
3493,0.5
9393,0.38
3004,1.0
8077,0.38
10880,0.39
294,1.0
2354,1.0
8199,0.65
4641,0.34
4013,0.4
3585,0.56
10566,0.33
4274,0.56
3533,0.55
5402,0.45
869,0.96
8015,0.55
10700,0.46
651,1.0
8376,0.38
8949,0.27
1145,1.0
4893,0.42
8736,0.39
9344,0.39
9707,0.57
4048,0.56
4290,0.4
2729,1.0
1575,0.97
1920,1.0
713,1.0
5234,0.43
172,1.0
7518,0.54
7927,0.46
4752,0.37
1029,1.0
4687,0.5
7914,0.29
1532,1.0
3206,0.35
8625,0.5
4435,0.37
5943,0.43
9231,0.48
9073,0.57
9701,0.42
5735,0.39
10980,0.33
2767,1.0
4757,0.37
5172,0.44
9088,0.41
7033,0.45
9087,0.56
9749,0.36
6316,0.48
4711,0.57
4523,0.38
4506,0.43
5343,0.42
1605,0.93
2946,0.87
185,1.0
9272,0.24
2825,1.0
6246,0.61
196,0.99
1740,1.0
10723,0.58
9236,0.51
6721,0.32
5131,0.28
1306,0.78
6668,0.6
10505,0.61
1494,0.89
10000,0.32
8759,0.48
5197,0.47
6018,0.39
2866,0.98
4945,0.38
893,0.9
1131,1.0
2136,0.91
5756,0.43
108,1.0
9443,0.55
9989,0.33
1339,0.88
10394,0.44
8502,0.36
1210,1.0
6193,0.47
3188,0.6
7797,0.33
745,0.95
9786,0.38
4024,0.38
9742,0.55
10978,0.22
10819,0.6
7897,0.39
375,1.0
1163,1.0
4633,0.23
6749,0.5
9914,0.55
1580,1.0
10197,0.73
1864,1.0
7856,0.36
2676,1.0
4035,0.39
4318,0.62
4203,0.53
7542,0.42
6545,0.41
1343,0.89
3795,0.59
10609,0.42
3467,0.56
5273,0.46
8821,0.37
8183,0.36
7679,0.3
2912,1.0
8764,0.44
2333,1.0
5440,0.52
4303,0.47
8269,0.44
3015,1.0
1439,1.0
4984,0.36
2286,1.0
9682,0.35
7530,0.39
6693,0.37
8380,0.31
6035,0.6
10688,0.4
3887,0.43
1141,0.92
412,1.0
6117,0.63
5827,0.33
852,1.0
9256,0.47
6574,0.44
5420,0.53
1592,1.0
8313,0.44
3284,0.45
10458,0.61
5066,0.33
4068,0.37
6394,0.39
7889,0.31
8025,0.6
5295,0.45
4610,0.36
4714,0.52
8883,0.47
1233,0.96
9910,0.29
7459,0.3
2567,1.0
2894,1.0
4232,0.37
1630,1.0
5406,0.5
5128,0.46
786,1.0
4037,0.42
3779,0.39
9677,0.42
1431,0.58
4944,0.39
9689,0.33
5479,0.43
6681,0.45
6698,0.26
8815,0.3
4255,0.34
5265,0.48
1000,1.0
5340,0.31
4277,0.31
5606,0.54
4670,0.35
3575,0.41
8501,0.33
9198,0.6
1565,0.87
7334,0.29
2420,1.0
10799,0.42
6563,0.56
232,1.0
2920,1.0
10953,0.54
7347,0.59
1803,1.0
3390,0.5
7291,0.38
5041,0.43
105,0.86
5218,0.51
6765,0.55
1247,0.98
9474,0.44
7407,0.52
9392,0.4
6376,0.45
5801,0.22
9356,0.48
9932,0.41
6619,0.61
5242,0.63
8664,0.5
9089,0.37
771,0.99
9664,0.7
8517,0.37
9418,0.63
6272,0.66
1620,0.92
4300,0.28
3873,0.23
10444,0.49
6680,0.42
3652,0.66
637,1.0
9400,0.44
9119,0.42
6509,0.48
2040,1.0
9943,0.45
2972,0.62
6746,0.37
2925,0.99
5614,0.42
9661,0.56
9485,0.61
4006,0.45
7896,0.21
5163,0.65
10122,0.47
8944,0.51
8797,0.34
8597,0.3
9444,0.78
10892,0.29
5530,0.3
9632,0.62
7330,0.59
7924,0.35
7189,0.47
7078,0.52
2573,0.98
5276,0.47
4419,0.3
10070,0.45
3136,0.38
2019,0.79
683,1.0
8275,0.28
7263,0.57
4922,0.43
8013,0.47
1312,1.0
410,0.83
4181,0.47
5833,0.63
3156,0.4
3938,0.57
6844,0.49
9779,0.3
3312,0.2
600,0.78
6585,0.4
9927,0.39
5692,0.32
6500,0.29
1681,1.0
6705,0.4
4356,0.35
2666,0.79
10253,0.27
1451,1.0
2720,1.0
3751,0.44
8908,0.48
8556,0.44
7056,0.55
6452,0.41
907,0.97
8935,0.35
150,1.0
3967,0.34
3988,0.56
5140,0.5
3356,0.26
4604,0.43
4672,0.57
4813,0.65
6221,0.54
3164,0.5
4866,0.52
10807,0.35
9509,0.4
3053,1.0
2765,0.99
8512,0.5
253,1.0
964,1.0
688,1.0
7515,0.49
2488,0.64
365,0.96
8154,0.51
5612,0.46
1072,1.0
8769,0.25
2170,1.0
9116,0.56
6824,0.74
603,1.0
1529,0.99
1851,1.0
10448,0.51
10720,0.53
8440,0.33
6439,0.43
4587,0.37
1351,1.0
2023,0.99
4240,0.4
5868,0.27
7254,0.36
4443,0.41
4712,0.37
997,1.0
9583,0.35
7752,0.35
6042,0.58
9643,0.36
1203,0.97
8185,0.31
7878,0.33
5240,0.38
3536,0.49
721,0.99
7956,0.34
2746,1.0
8344,0.48
2602,1.0
2345,1.0
9141,0.33
384,1.0
1162,1.0
1367,1.0
8808,0.56
2209,1.0
10462,0.44
4209,0.4
7688,0.29
2101,0.99
2267,0.97
6654,0.34
8865,0.33
3112,1.0
5360,0.48
10556,0.39
7122,0.39
5678,0.44
10021,0.39
3738,0.48
5143,0.43
1185,1.0
10127,0.58
6758,0.28
3076,1.0
8643,0.52
7200,0.48
1850,1.0
1073,0.91
1815,1.0
691,1.0
9950,0.39
2855,1.0
4841,0.39
5193,0.58
5938,0.47
10565,0.48
9712,0.49
10928,0.35
2275,0.99
8642,0.47
8987,0.53
2133,1.0
1607,1.0
8717,0.39
10884,0.34
4970,0.34
9101,0.47
7289,0.49
9163,0.48
4567,0.33
2116,0.82
7992,0.53
4338,0.5
1633,1.0
374,1.0
6716,0.26
10231,0.43
12,1.0
5800,0.49
6512,0.5
3316,0.57
5187,0.49
9631,0.35
5654,0.67
10468,0.42
9230,0.65
7695,0.33
5454,0.3
3518,0.41
3457,0.52
2332,1.0
901,1.0
8197,0.4
3439,0.53
6101,0.44
577,1.0
9657,0.63
3711,0.36
7345,0.4
67,1.0
7316,0.59
10958,0.55
195,0.97
2390,1.0
10815,0.34
10662,0.28
7095,0.33
7283,0.57
7470,0.33
7902,0.47
9379,0.55
1521,0.86
281,1.0
8971,0.39
3937,0.4
650,1.0
85,1.0
1773,1.0
948,0.95
3335,0.44
10554,0.49
6532,0.5
7219,0.36
10346,0.61
1660,1.0
6540,0.4
7961,0.51
5201,0.6
6286,0.55
4755,0.5
10871,0.21
10500,0.34
7018,0.52
4095,0.67
1953,1.0
6120,0.34
4050,0.43
1215,1.0
5442,0.36
847,1.0
6610,0.42
5538,0.43
541,1.0
306,1.0
1547,1.0
7539,0.48
3450,0.61
10190,0.45
10491,0.42
3664,0.51
4247,0.36
7371,0.36
5246,0.43
9316,0.54
2363,1.0
8880,0.14
10474,0.67
4571,0.42
5718,0.35
5683,0.68
3265,0.31
7697,0.52
1340,1.0
5754,0.56
10912,0.56
6354,0.48
10423,0.51
7150,0.5
9013,0.6
9468,0.45
2752,1.0
2962,1.0
9365,0.63
10023,0.35
4089,0.45
9419,0.47
6495,0.35
8552,0.39
7917,0.46
5437,0.37
8913,0.57
3812,0.4
779,1.0
7892,0.42
2054,0.97
10813,0.39
9556,0.53
5774,0.28
7629,0.55
4177,0.51
9222,0.51
9362,0.44
10410,0.36
8905,0.59
7599,0.47
6863,0.44
9586,0.46
110,1.0
1561,1.0
9271,0.37
1378,1.0
10592,0.49
2835,1.0
1582,0.99
2888,1.0
2265,1.0
2656,0.99
1501,1.0
9384,0.52
4451,0.44
10744,0.46
4994,0.46
4496,0.36
7097,0.32
3532,0.47
5388,0.6
7275,0.52
7116,0.34
6134,0.41
10634,0.3
10661,0.52
7143,0.66
6148,0.33
46,0.89
4819,0.69
8365,0.24
10203,0.51
735,0.85
6838,0.34
7757,0.37
9137,0.44
4488,0.41
6953,0.47
689,1.0
9199,0.47
7620,0.39
212,1.0
8362,0.43
8166,0.37
6556,0.4
7421,0.51
18,1.0
6201,0.56
9428,0.54
3276,0.46
2020,1.0
613,1.0
6571,0.68
5527,0.28
4099,0.44
6710,0.49
7559,0.37
5898,0.55
7556,0.54
4798,0.5
727,1.0
311,1.0
8722,0.51
142,1.0
8256,0.6
3918,0.35
10567,0.32
8083,0.46
97,1.0
7214,0.56
2434,1.0
6771,0.47
1546,1.0
8035,0.48
7755,0.56
5925,0.47
1737,0.99
6505,0.46
4379,0.36
323,1.0
3245,0.39
8432,0.42
9876,0.48
8551,0.33
2816,1.0
5919,0.43
2012,1.0
7186,0.56
6658,0.36
458,1.0
5121,0.32
9140,0.63
6780,0.46
3649,0.32
1347,1.0
8709,0.44
583,1.0
8334,0.44
2006,1.0
1549,1.0
1505,0.99
2219,1.0
1585,1.0
10960,0.23
8124,0.61
3984,0.5
3324,0.54
7244,0.37
8540,0.39
5903,0.35
4566,0.51
48,0.99
4616,0.48
7477,0.51
2875,0.93
2078,0.99
2717,1.0
674,1.0
8316,0.51
9931,0.59
9053,0.29
5995,0.52
7313,0.5
4250,0.49
2823,1.0
5854,0.39
807,0.99
2208,1.0
9302,0.32
9241,0.39
3211,0.3
9350,0.34
8411,0.32
7836,0.39
1903,0.96
4744,0.4
6961,0.28
10138,0.53
9067,0.54
8104,0.4
10411,0.52
6865,0.68
7392,0.26
6777,0.5
2658,1.0
7398,0.56
2441,1.0
4180,0.42
1448,1.0
2325,0.98
2978,1.0
3736,0.21
4624,0.52
5567,0.43
10099,0.5
5565,0.37
7180,0.25
9008,0.47
6663,0.41
4291,0.33
968,1.0
8753,0.33
793,0.99
3916,0.43
4157,0.42
8345,0.48
7779,0.13
6799,0.54
8602,0.4
5920,0.36
827,1.0
9290,0.47
3108,1.0
1887,1.0
10352,0.45
2867,1.0
4533,0.38
2445,1.0
1955,1.0
9265,0.54
806,1.0
860,1.0
10432,0.37
9946,0.54
220,1.0
7245,0.36
1968,1.0
6661,0.48
131,1.0
3590,0.51
7015,0.5
5517,0.37
3666,0.48
2479,1.0
162,1.0
10073,0.41
6249,0.56
8760,0.19
1712,1.0
1990,0.9
532,1.0
2346,1.0
6679,0.42
1427,0.95
4226,0.52
1135,0.99
1416,1.0
6474,0.51
6461,0.38
3816,0.58
9263,0.42
170,1.0
8438,0.55
7103,0.47
4306,0.36
2801,1.0
2414,0.87
4071,0.33
9345,0.43
3123,1.0
10143,0.44
4398,0.43
5762,0.41
10878,0.52
5200,0.29
6317,0.5
4776,0.46
8946,0.57
4375,0.48
4857,0.4
10069,0.44
3693,0.27
3776,0.55
4743,0.67
4666,0.41
1474,1.0
8886,0.53
731,1.0
6210,0.49
2811,0.82
5262,0.55
4959,0.42
2199,1.0
8218,0.66
3520,0.47
3140,0.49
966,1.0
5642,0.3
8295,0.56
4738,0.34
6829,0.34
9699,0.65
5617,0.52
6332,0.48
8056,0.39
8631,0.49
609,1.0
3241,0.52
5572,0.46
10269,0.36
5725,0.49
8900,0.35
7111,0.3
1207,1.0
763,0.96
10497,0.36
1079,1.0
1617,0.98
6038,0.43
8626,0.42
7965,0.62
1153,0.99
2593,1.0
850,1.0
9284,0.35
6757,0.42
3178,0.42
9161,0.59
7909,0.44
8832,0.46
3401,0.41
7593,0.28
9698,0.41
9421,0.41
7523,0.43
1872,1.0
7522,0.34
1028,1.0
7344,0.5
6521,0.53
6978,0.5
6590,0.59
1822,0.99
5498,0.52
7456,0.64
3647,0.5
1345,0.97
6606,0.47
3796,0.38
1328,1.0
8239,0.64
5913,0.37
9461,0.56
1997,1.0
4582,0.48
2243,1.0
675,0.84
10866,0.32
7381,0.54
657,1.0
814,0.96
9805,0.59
6536,0.35
5278,0.55
725,1.0
7172,0.44
3734,0.4
5869,0.51
535,1.0
4117,0.48
312,0.99
6205,0.33
8449,0.45
2936,1.0
4475,0.48
4127,0.45
3804,0.48
7235,0.41
2499,1.0
5255,0.46
6371,0.52
4160,0.34
10636,0.44
4428,0.35
7490,0.39
6852,0.39
4911,0.58
5169,0.6
10433,0.57
4913,0.23
6264,0.44
2234,1.0
10082,0.43
4276,0.47
4790,0.36
6648,0.56
7039,0.47
2539,1.0
200,0.93
3705,0.53
10391,0.31
1729,0.91
10640,0.39
1311,0.97
2594,1.0
1165,0.69
4093,0.51
6560,0.45
933,0.86
5711,0.28
6128,0.42
2232,1.0
10342,0.45
1550,0.99
307,1.0
3219,0.28
3222,0.35
3552,0.51
1765,1.0
5095,0.34
4579,0.61
6324,0.32
9439,0.52
7690,0.4
1606,1.0
10894,0.6
4758,0.49
10652,0.29
4145,0.4
8303,0.5
1927,1.0
10997,0.6
3965,0.51
109,1.0
7807,0.57
9951,0.66
2362,1.0
7126,0.27
6303,0.5
9369,0.52
1478,1.0
8116,0.44
10610,0.48
8723,0.32
9170,0.28
2957,1.0
9374,0.29
3744,0.31
5446,0.39
8919,0.55
2103,1.0
4123,0.58
10961,0.47
3481,0.56
8953,0.64
6234,0.26
10906,0.38
1434,1.0
2851,1.0
9278,0.4
9057,0.48
2429,1.0
3405,0.4
7202,0.52
9491,0.4
3835,0.45
4411,0.52
9904,0.32
8189,0.36
10683,0.29
2066,1.0
1154,0.98
3111,1.0
2926,1.0
10717,0.74
3750,0.57
3913,0.26
2051,1.0
10107,0.4
5728,0.49
1189,1.0
481,1.0
4312,0.46
9567,0.42
3078,1.0
4242,0.45
3958,0.36
6180,0.46
4696,0.58
1938,1.0
65,1.0
1022,1.0
8454,0.45
9599,0.46
2270,1.0
9146,0.29
4454,0.36
7573,0.54
9275,0.47
8498,0.41
1778,1.0
8849,0.5
8675,0.42
2794,1.0
10155,0.39
256,1.0
2921,0.61
3829,0.87
9849,0.37
5377,0.42
8855,0.34
8258,0.51
8053,0.25
192,1.0
9833,0.58
5804,0.48
10265,0.37
5142,0.44
7835,0.57
475,0.78
3743,0.5
3625,0.37
7527,0.5
7071,0.36
2695,0.98
10719,0.7
3404,0.49
8533,0.5
10132,0.39
8242,0.42
6497,0.31
9913,0.38
3986,0.56
4747,0.36
5590,0.42
7101,0.39
10302,0.44
9172,0.44
1949,1.0
9730,0.25
1847,1.0
4414,0.34
746,0.97
3786,0.34
8367,0.38
1587,1.0
516,1.0
5657,0.6
194,0.99
7307,0.25
2982,0.9
1371,1.0
2527,1.0
435,1.0
3759,0.46
2980,1.0
6237,0.47
561,1.0
2397,1.0
9478,0.37
10488,0.38
491,0.99
2701,1.0
4989,0.44
10054,0.6
8827,0.64
1946,1.0
10359,0.4
6696,0.57
4665,0.3
7053,0.49
3329,0.46
5305,0.38
10520,0.47
8140,0.66
7657,0.31
7912,0.38
2131,1.0
5686,0.32
7294,0.35
6441,0.51
9204,0.34
2860,1.0
2290,1.0
10074,0.38
7953,0.42
7886,0.4
7230,0.35
3260,0.39
9295,0.33
10027,0.5
5344,0.55
6510,0.54
10420,0.32
6352,0.35
7402,0.66
7996,0.28
8805,0.59
4212,0.38
7250,0.43
875,1.0
3394,0.52
7476,0.36
482,1.0
3696,0.52
9095,0.13
2904,0.99
8951,0.34
10908,0.61
9906,0.38
9252,0.45
2409,0.99
597,1.0
6166,0.57
10579,0.32
1453,1.0
6147,0.5
659,1.0
6737,0.42
2557,1.0
1115,1.0
10544,0.49
905,1.0
970,0.99
1928,1.0
4998,0.55
10963,0.44
2945,1.0
5277,0.55
1314,1.0
4581,0.44
353,1.0
10513,0.35
74,1.0
9235,0.52
4500,0.16
712,1.0
4202,0.46
10033,0.41
7212,0.65
3142,0.41
6948,0.24
7531,0.55
8398,0.34
10252,0.45
